Samples,Amplitude(mV)
0,0.151465
1,0.148242
2,0.151465
3,0.148242
4,0.148242
5,0.141797
6,0.141797
7,0.141797
8,0.138574
9,0.138574
10,0.135352
11,0.132129
12,0.132129
13,0.132129
14,0.132129
15,0.132129
16,0.128906
17,0.132129
18,0.132129
19,0.132129
20,0.128906
21,0.125684
22,0.128906
23,0.128906
24,0.132129
25,0.135352
26,0.141797
27,0.148242
28,0.154687
29,0.161133
30,0.164355
31,0.174023
32,0.183691
33,0.190137
34,0.203027
35,0.209473
36,0.215918
37,0.225586
38,0.235254
39,0.244922
40,0.248145
41,0.251367
42,0.25459
43,0.261035
44,0.26748
45,0.26748
46,0.270703
47,0.273926
48,0.273926
49,0.277148
50,0.277148
51,0.277148
52,0.277148
53,0.280371
54,0.280371
55,0.277148
56,0.277148
57,0.283594
58,0.286816
59,0.283594
60,0.283594
61,0.280371
62,0.280371
63,0.283594
64,0.286816
65,0.286816
66,0.290039
67,0.286816
68,0.286816
69,0.286816
70,0.283594
71,0.286816
72,0.283594
73,0.286816
74,0.286816
75,0.286816
76,0.283594
77,0.286816
78,0.283594
79,0.280371
80,0.280371
81,0.280371
82,0.277148
83,0.277148
84,0.277148
85,0.277148
86,0.273926
87,0.270703
88,0.270703
89,0.270703
90,0.270703
91,0.26748
92,0.26748
93,0.264258
94,0.264258
95,0.261035
96,0.25459
97,0.257812
98,0.257812
99,0.25459
100,0.25459
101,0.25459
102,0.25459
103,0.25459
104,0.25459
105,0.251367
106,0.251367
107,0.251367
108,0.251367
109,0.248145
110,0.244922
111,0.241699
112,0.244922
113,0.244922
114,0.248145
115,0.248145
116,0.248145
117,0.248145
118,0.241699
119,0.241699
120,0.241699
121,0.241699
122,0.241699
123,0.241699
124,0.241699
125,0.241699
126,0.241699
127,0.238477
128,0.241699
129,0.238477
130,0.238477
131,0.241699
132,0.238477
133,0.241699
134,0.238477
135,0.235254
136,0.235254
137,0.235254
138,0.235254
139,0.235254
140,0.235254
141,0.235254
142,0.235254
143,0.232031
144,0.232031
145,0.232031
146,0.228809
147,0.228809
148,0.228809
149,0.228809
150,0.225586
151,0.225586
152,0.222363
153,0.225586
154,0.222363
155,0.219141
156,0.215918
157,0.212695
158,0.212695
159,0.209473
160,0.209473
161,0.209473
162,0.209473
163,0.203027
164,0.199805
165,0.199805
166,0.199805
167,0.199805
168,0.196582
169,0.193359
170,0.193359
171,0.190137
172,0.190137
173,0.190137
174,0.183691
175,0.183691
176,0.183691
177,0.180469
178,0.180469
179,0.180469
180,0.177246
181,0.177246
182,0.177246
183,0.177246
184,0.174023
185,0.174023
186,0.170801
187,0.170801
188,0.167578
189,0.164355
190,0.164355
191,0.161133
192,0.161133
193,0.15791
194,0.151465
195,0.151465
196,0.151465
197,0.151465
198,0.154687
199,0.151465
200,0.148242
201,0.14502
202,0.14502
203,0.14502
204,0.141797
205,0.141797
206,0.138574
207,0.138574
208,0.132129
209,0.132129
210,0.128906
211,0.132129
212,0.132129
213,0.128906
214,0.125684
215,0.128906
216,0.132129
217,0.132129
218,0.135352
219,0.141797
220,0.14502
221,0.154687
222,0.161133
223,0.167578
224,0.177246
225,0.186914
226,0.193359
227,0.20625
228,0.209473
229,0.219141
230,0.225586
231,0.235254
232,0.241699
233,0.248145
234,0.248145
235,0.248145
236,0.25459
237,0.257812
238,0.264258
239,0.270703
240,0.26748
241,0.270703
242,0.26748
243,0.270703
244,0.273926
245,0.277148
246,0.277148
247,0.273926
248,0.277148
249,0.277148
250,0.277148
251,0.277148
252,0.280371
253,0.283594
254,0.280371
255,0.283594
256,0.283594
257,0.286816
258,0.290039
259,0.286816
260,0.286816
261,0.286816
262,0.286816
263,0.290039
264,0.286816
265,0.286816
266,0.286816
267,0.286816
268,0.277148
269,0.280371
270,0.280371
271,0.280371
272,0.280371
273,0.277148
274,0.280371
275,0.277148
276,0.273926
277,0.273926
278,0.273926
279,0.277148
280,0.273926
281,0.270703
282,0.270703
283,0.26748
284,0.26748
285,0.264258
286,0.261035
287,0.261035
288,0.261035
289,0.261035
290,0.257812
291,0.25459
292,0.251367
293,0.251367
294,0.25459
295,0.248145
296,0.248145
297,0.251367
298,0.248145
299,0.248145
300,0.244922
301,0.244922
302,0.244922
303,0.244922
304,0.244922
305,0.241699
306,0.241699
307,0.244922
308,0.244922
309,0.244922
310,0.238477
311,0.238477
312,0.241699
313,0.244922
314,0.241699
315,0.235254
316,0.235254
317,0.235254
318,0.241699
319,0.241699
320,0.238477
321,0.235254
322,0.238477
323,0.238477
324,0.235254
325,0.235254
326,0.228809
327,0.232031
328,0.232031
329,0.232031
330,0.232031
331,0.222363
332,0.222363
333,0.228809
334,0.232031
335,0.228809
336,0.232031
337,0.228809
338,0.228809
339,0.225586
340,0.228809
341,0.225586
342,0.222363
343,0.219141
344,0.219141
345,0.219141
346,0.215918
347,0.212695
348,0.212695
349,0.212695
350,0.209473
351,0.209473
352,0.209473
353,0.20625
354,0.209473
355,0.203027
356,0.203027
357,0.203027
358,0.203027
359,0.199805
360,0.199805
361,0.196582
362,0.196582
363,0.193359
364,0.196582
365,0.196582
366,0.193359
367,0.190137
368,0.190137
369,0.186914
370,0.183691
371,0.183691
372,0.183691
373,0.186914
374,0.183691
375,0.177246
376,0.174023
377,0.174023
378,0.177246
379,0.174023
380,0.174023
381,0.170801
382,0.174023
383,0.174023
384,0.170801
385,0.170801
386,0.170801
387,0.167578
388,0.164355
389,0.164355
390,0.164355
391,0.164355
392,0.164355
393,0.161133
394,0.15791
395,0.161133
396,0.15791
397,0.154687
398,0.154687
399,0.148242
400,0.148242
401,0.14502
402,0.148242
403,0.148242
404,0.14502
405,0.14502
406,0.138574
407,0.141797
408,0.141797
409,0.141797
410,0.141797
411,0.141797
412,0.14502
413,0.14502
414,0.151465
415,0.151465
416,0.15791
417,0.167578
418,0.170801
419,0.180469
420,0.183691
421,0.193359
422,0.203027
423,0.209473
424,0.215918
425,0.222363
426,0.232031
427,0.238477
428,0.244922
429,0.248145
430,0.25459
431,0.25459
432,0.257812
433,0.261035
434,0.264258
435,0.26748
436,0.26748
437,0.26748
438,0.273926
439,0.277148
440,0.277148
441,0.277148
442,0.273926
443,0.277148
444,0.273926
445,0.273926
446,0.277148
447,0.277148
448,0.277148
449,0.273926
450,0.277148
451,0.280371
452,0.280371
453,0.280371
454,0.273926
455,0.277148
456,0.280371
457,0.277148
458,0.277148
459,0.277148
460,0.273926
461,0.273926
462,0.277148
463,0.277148
464,0.273926
465,0.273926
466,0.273926
467,0.273926
468,0.270703
469,0.270703
470,0.270703
471,0.270703
472,0.26748
473,0.270703
474,0.26748
475,0.264258
476,0.264258
477,0.264258
478,0.261035
479,0.25459
480,0.25459
481,0.251367
482,0.251367
483,0.251367
484,0.248145
485,0.251367
486,0.251367
487,0.25459
488,0.251367
489,0.248145
490,0.248145
491,0.244922
492,0.244922
493,0.244922
494,0.244922
495,0.244922
496,0.248145
497,0.248145
498,0.248145
499,0.248145
500,0.248145
501,0.241699
502,0.244922
503,0.248145
504,0.248145
505,0.248145
506,0.248145
507,0.248145
508,0.248145
509,0.244922
510,0.244922
511,0.241699
512,0.238477
513,0.241699
514,0.241699
515,0.241699
516,0.241699
517,0.241699
518,0.241699
519,0.238477
520,0.235254
521,0.241699
522,0.241699
523,0.241699
524,0.241699
525,0.238477
526,0.238477
527,0.238477
528,0.238477
529,0.238477
530,0.232031
531,0.232031
532,0.235254
533,0.232031
534,0.232031
535,0.228809
536,0.225586
537,0.225586
538,0.225586
539,0.225586
540,0.225586
541,0.222363
542,0.222363
543,0.222363
544,0.215918
545,0.215918
546,0.215918
547,0.215918
548,0.212695
549,0.209473
550,0.20625
551,0.20625
552,0.203027
553,0.203027
554,0.196582
555,0.199805
556,0.199805
557,0.203027
558,0.203027
559,0.199805
560,0.196582
561,0.196582
562,0.196582
563,0.193359
564,0.193359
565,0.186914
566,0.190137
567,0.190137
568,0.190137
569,0.186914
570,0.186914
571,0.183691
572,0.183691
573,0.183691
574,0.183691
575,0.183691
576,0.180469
577,0.177246
578,0.174023
579,0.170801
580,0.174023
581,0.170801
582,0.167578
583,0.161133
584,0.161133
585,0.161133
586,0.161133
587,0.15791
588,0.15791
589,0.154687
590,0.15791
591,0.15791
592,0.161133
593,0.15791
594,0.154687
595,0.15791
596,0.15791
597,0.164355
598,0.167578
599,0.174023
600,0.177246
601,0.183691
602,0.186914
603,0.193359
604,0.203027
605,0.20625
606,0.215918
607,0.225586
608,0.225586
609,0.232031
610,0.238477
611,0.244922
612,0.251367
613,0.25459
614,0.25459
615,0.257812
616,0.261035
617,0.261035
618,0.264258
619,0.264258
620,0.264258
621,0.264258
622,0.26748
623,0.270703
624,0.273926
625,0.273926
626,0.273926
627,0.273926
628,0.273926
629,0.273926
630,0.277148
631,0.280371
632,0.277148
633,0.273926
634,0.273926
635,0.273926
636,0.277148
637,0.277148
638,0.277148
639,0.270703
640,0.277148
641,0.277148
642,0.277148
643,0.277148
644,0.273926
645,0.273926
646,0.273926
647,0.273926
648,0.273926
649,0.270703
650,0.273926
651,0.270703
652,0.270703
653,0.270703
654,0.270703
655,0.270703
656,0.26748
657,0.26748
658,0.264258
659,0.261035
660,0.261035
661,0.261035
662,0.264258
663,0.261035
664,0.257812
665,0.261035
666,0.25459
667,0.25459
668,0.25459
669,0.25459
670,0.251367
671,0.251367
672,0.251367
673,0.248145
674,0.248145
675,0.251367
676,0.248145
677,0.248145
678,0.248145
679,0.248145
680,0.244922
681,0.244922
682,0.251367
683,0.248145
684,0.244922
685,0.248145
686,0.248145
687,0.244922
688,0.244922
689,0.244922
690,0.248145
691,0.248145
692,0.244922
693,0.241699
694,0.238477
695,0.241699
696,0.244922
697,0.241699
698,0.244922
699,0.244922
700,0.244922
701,0.241699
702,0.238477
703,0.238477
704,0.235254
705,0.238477
706,0.238477
707,0.235254
708,0.235254
709,0.232031
710,0.228809
711,0.232031
712,0.228809
713,0.228809
714,0.232031
715,0.232031
716,0.232031
717,0.228809
718,0.228809
719,0.228809
720,0.225586
721,0.225586
722,0.222363
723,0.219141
724,0.222363
725,0.222363
726,0.219141
727,0.215918
728,0.212695
729,0.215918
730,0.215918
731,0.209473
732,0.212695
733,0.209473
734,0.209473
735,0.20625
736,0.20625
737,0.203027
738,0.203027
739,0.199805
740,0.199805
741,0.196582
742,0.196582
743,0.193359
744,0.196582
745,0.193359
746,0.190137
747,0.186914
748,0.183691
749,0.190137
750,0.190137
751,0.190137
752,0.186914
753,0.183691
754,0.183691
755,0.180469
756,0.183691
757,0.180469
758,0.177246
759,0.174023
760,0.174023
761,0.174023
762,0.170801
763,0.170801
764,0.170801
765,0.170801
766,0.170801
767,0.170801
768,0.167578
769,0.164355
770,0.167578
771,0.170801
772,0.164355
773,0.161133
774,0.161133
775,0.15791
776,0.154687
777,0.154687
778,0.154687
779,0.154687
780,0.154687
781,0.151465
782,0.151465
783,0.14502
784,0.14502
785,0.14502
786,0.141797
787,0.141797
788,0.14502
789,0.141797
790,0.14502
791,0.141797
792,0.148242
793,0.14502
794,0.148242
795,0.154687
796,0.161133
797,0.161133
798,0.170801
799,0.180469
800,0.190137
801,0.196582
802,0.20625
803,0.215918
804,0.222363
805,0.228809
806,0.241699
807,0.248145
808,0.248145
809,0.257812
810,0.261035
811,0.261035
812,0.261035
813,0.261035
814,0.264258
815,0.264258
816,0.264258
817,0.26748
818,0.26748
819,0.273926
820,0.273926
821,0.273926
822,0.277148
823,0.270703
824,0.273926
825,0.270703
826,0.270703
827,0.270703
828,0.273926
829,0.273926
830,0.277148
831,0.280371
832,0.280371
833,0.280371
834,0.280371
835,0.280371
836,0.277148
837,0.280371
838,0.280371
839,0.280371
840,0.280371
841,0.277148
842,0.277148
843,0.277148
844,0.280371
845,0.280371
846,0.273926
847,0.277148
848,0.277148
849,0.273926
850,0.273926
851,0.273926
852,0.270703
853,0.270703
854,0.26748
855,0.270703
856,0.26748
857,0.26748
858,0.264258
859,0.264258
860,0.264258
861,0.264258
862,0.264258
863,0.261035
864,0.257812
865,0.261035
866,0.257812
867,0.257812
868,0.25459
869,0.25459
870,0.25459
871,0.251367
872,0.248145
873,0.248145
874,0.248145
875,0.248145
876,0.248145
877,0.244922
878,0.248145
879,0.251367
880,0.251367
881,0.251367
882,0.248145
883,0.251367
884,0.251367
885,0.25459
886,0.251367
887,0.248145
888,0.251367
889,0.251367
890,0.25459
891,0.25459
892,0.25459
893,0.251367
894,0.251367
895,0.25459
896,0.251367
897,0.248145
898,0.251367
899,0.244922
900,0.248145
901,0.248145
902,0.248145
903,0.248145
904,0.248145
905,0.248145
906,0.248145
907,0.241699
908,0.241699
909,0.241699
910,0.244922
911,0.244922
912,0.244922
913,0.244922
914,0.241699
915,0.238477
916,0.238477
917,0.235254
918,0.238477
919,0.235254
920,0.235254
921,0.235254
922,0.228809
923,0.228809
924,0.228809
925,0.228809
926,0.228809
927,0.228809
928,0.228809
929,0.225586
930,0.228809
931,0.222363
932,0.222363
933,0.222363
934,0.212695
935,0.215918
936,0.212695
937,0.212695
938,0.209473
939,0.209473
940,0.209473
941,0.20625
942,0.20625
943,0.20625
944,0.203027
945,0.20625
946,0.203027
947,0.199805
948,0.196582
949,0.196582
950,0.196582
951,0.190137
952,0.190137
953,0.186914
954,0.190137
955,0.190137
956,0.190137
957,0.186914
958,0.183691
959,0.183691
960,0.183691
961,0.183691
962,0.183691
963,0.183691
964,0.177246
965,0.177246
966,0.174023
967,0.170801
968,0.174023
969,0.170801
970,0.174023
971,0.174023
972,0.170801
973,0.170801
974,0.174023
975,0.170801
976,0.170801
977,0.167578
978,0.167578
979,0.167578
980,0.167578
981,0.167578
982,0.167578
983,0.167578
984,0.164355
985,0.161133
986,0.161133
987,0.15791
988,0.15791
989,0.15791
990,0.15791
991,0.154687
992,0.151465
993,0.151465
994,0.151465
995,0.148242
996,0.151465
997,0.148242
998,0.14502
999,0.14502
1000,0.14502
1001,0.148242
1002,0.14502
1003,0.148242
1004,0.148242
1005,0.151465
1006,0.15791
1007,0.161133
1008,0.167578
1009,0.170801
1010,0.177246
1011,0.183691
1012,0.190137
1013,0.203027
1014,0.209473
1015,0.219141
1016,0.225586
1017,0.232031
1018,0.238477
1019,0.241699
1020,0.251367
1021,0.251367
1022,0.257812
1023,0.257812
1024,0.264258
1025,0.261035
1026,0.261035
1027,0.261035
1028,0.261035
1029,0.26748
1030,0.270703
1031,0.270703
1032,0.270703
1033,0.270703
1034,0.273926
1035,0.273926
1036,0.273926
1037,0.277148
1038,0.273926
1039,0.277148
1040,0.277148
1041,0.277148
1042,0.277148
1043,0.277148
1044,0.273926
1045,0.273926
1046,0.270703
1047,0.270703
1048,0.273926
1049,0.277148
1050,0.277148
1051,0.277148
1052,0.273926
1053,0.273926
1054,0.270703
1055,0.26748
1056,0.26748
1057,0.26748
1058,0.26748
1059,0.26748
1060,0.26748
1061,0.264258
1062,0.261035
1063,0.26748
1064,0.264258
1065,0.264258
1066,0.261035
1067,0.261035
1068,0.261035
1069,0.257812
1070,0.25459
1071,0.251367
1072,0.248145
1073,0.251367
1074,0.251367
1075,0.251367
1076,0.248145
1077,0.248145
1078,0.244922
1079,0.241699
1080,0.244922
1081,0.241699
1082,0.244922
1083,0.244922
1084,0.244922
1085,0.241699
1086,0.238477
1087,0.241699
1088,0.241699
1089,0.244922
1090,0.244922
1091,0.241699
1092,0.241699
1093,0.238477
1094,0.241699
1095,0.238477
1096,0.241699
1097,0.241699
1098,0.241699
1099,0.241699
1100,0.241699
1101,0.241699
1102,0.238477
1103,0.241699
1104,0.238477
1105,0.238477
1106,0.238477
1107,0.235254
1108,0.238477
1109,0.238477
1110,0.235254
1111,0.235254
1112,0.235254
1113,0.235254
1114,0.235254
1115,0.235254
1116,0.235254
1117,0.235254
1118,0.235254
1119,0.232031
1120,0.228809
1121,0.222363
1122,0.225586
1123,0.225586
1124,0.225586
1125,0.225586
1126,0.222363
1127,0.219141
1128,0.222363
1129,0.222363
1130,0.219141
1131,0.215918
1132,0.215918
1133,0.212695
1134,0.215918
1135,0.215918
1136,0.215918
1137,0.209473
1138,0.209473
1139,0.212695
1140,0.209473
1141,0.209473
1142,0.203027
1143,0.20625
1144,0.20625
1145,0.203027
1146,0.199805
1147,0.196582
1148,0.196582
1149,0.196582
1150,0.196582
1151,0.193359
1152,0.190137
1153,0.190137
1154,0.190137
1155,0.190137
1156,0.183691
1157,0.183691
1158,0.180469
1159,0.183691
1160,0.180469
1161,0.177246
1162,0.174023
1163,0.174023
1164,0.170801
1165,0.170801
1166,0.177246
1167,0.170801
1168,0.170801
1169,0.167578
1170,0.167578
1171,0.167578
1172,0.164355
1173,0.164355
1174,0.167578
1175,0.164355
1176,0.164355
1177,0.15791
1178,0.15791
1179,0.15791
1180,0.15791
1181,0.154687
1182,0.151465
1183,0.15791
1184,0.154687
1185,0.154687
1186,0.154687
1187,0.151465
1188,0.148242
1189,0.14502
1190,0.141797
1191,0.141797
1192,0.138574
1193,0.141797
1194,0.138574
1195,0.141797
1196,0.135352
1197,0.138574
1198,0.138574
1199,0.138574
1200,0.138574
1201,0.141797
1202,0.148242
1203,0.15791
1204,0.161133
1205,0.167578
1206,0.170801
1207,0.177246
1208,0.186914
1209,0.209473
1210,0.219141
1211,0.225586
1212,0.235254
1213,0.238477
1214,0.241699
1215,0.248145
1216,0.251367
1217,0.25459
1218,0.257812
1219,0.25459
1220,0.261035
1221,0.264258
1222,0.261035
1223,0.264258
1224,0.26748
1225,0.26748
1226,0.26748
1227,0.26748
1228,0.270703
1229,0.273926
1230,0.270703
1231,0.273926
1232,0.270703
1233,0.273926
1234,0.273926
1235,0.273926
1236,0.273926
1237,0.273926
1238,0.273926
1239,0.273926
1240,0.273926
1241,0.273926
1242,0.273926
1243,0.273926
1244,0.273926
1245,0.273926
1246,0.277148
1247,0.277148
1248,0.273926
1249,0.273926
1250,0.270703
1251,0.270703
1252,0.270703
1253,0.270703
1254,0.26748
1255,0.264258
1256,0.264258
1257,0.26748
1258,0.26748
1259,0.261035
1260,0.261035
1261,0.261035
1262,0.261035
1263,0.261035
1264,0.251367
1265,0.251367
1266,0.251367
1267,0.248145
1268,0.248145
1269,0.248145
1270,0.248145
1271,0.248145
1272,0.244922
1273,0.248145
1274,0.244922
1275,0.244922
1276,0.241699
1277,0.244922
1278,0.244922
1279,0.244922
1280,0.244922
1281,0.241699
1282,0.241699
1283,0.241699
1284,0.241699
1285,0.238477
1286,0.241699
1287,0.241699
1288,0.241699
1289,0.241699
1290,0.241699
1291,0.241699
1292,0.241699
1293,0.241699
1294,0.238477
1295,0.241699
1296,0.238477
1297,0.238477
1298,0.238477
1299,0.235254
1300,0.235254
1301,0.235254
1302,0.235254
1303,0.235254
1304,0.232031
1305,0.232031
1306,0.228809
1307,0.228809
1308,0.232031
1309,0.228809
1310,0.228809
1311,0.225586
1312,0.225586
1313,0.225586
1314,0.225586
1315,0.222363
1316,0.225586
1317,0.222363
1318,0.222363
1319,0.222363
1320,0.215918
1321,0.215918
1322,0.219141
1323,0.219141
1324,0.215918
1325,0.215918
1326,0.212695
1327,0.209473
1328,0.209473
1329,0.20625
1330,0.209473
1331,0.209473
1332,0.203027
1333,0.203027
1334,0.199805
1335,0.199805
1336,0.196582
1337,0.196582
1338,0.196582
1339,0.193359
1340,0.190137
1341,0.190137
1342,0.190137
1343,0.183691
1344,0.186914
1345,0.186914
1346,0.183691
1347,0.183691
1348,0.180469
1349,0.177246
1350,0.177246
1351,0.177246
1352,0.177246
1353,0.174023
1354,0.174023
1355,0.167578
1356,0.167578
1357,0.164355
1358,0.164355
1359,0.164355
1360,0.161133
1361,0.15791
1362,0.15791
1363,0.15791
1364,0.154687
1365,0.15791
1366,0.154687
1367,0.154687
1368,0.15791
1369,0.151465
1370,0.151465
1371,0.151465
1372,0.151465
1373,0.148242
1374,0.148242
1375,0.14502
1376,0.141797
1377,0.138574
1378,0.138574
1379,0.138574
1380,0.138574
1381,0.135352
1382,0.132129
1383,0.132129
1384,0.128906
1385,0.128906
1386,0.128906
1387,0.128906
1388,0.128906
1389,0.122461
1390,0.122461
1391,0.119238
1392,0.125684
1393,0.122461
1394,0.119238
1395,0.122461
1396,0.119238
1397,0.119238
1398,0.112793
1399,0.116016
1400,0.10957
1401,0.112793
1402,0.10957
1403,0.10957
1404,0.10957
1405,0.103125
1406,0.106348
1407,0.103125
1408,0.103125
1409,0.0999023
1410,0.103125
1411,0.106348
1412,0.0999023
1413,0.106348
1414,0.103125
1415,0.106348
1416,0.10957
1417,0.112793
1418,0.119238
1419,0.128906
1420,0.135352
1421,0.14502
1422,0.154687
1423,0.164355
1424,0.183691
1425,0.193359
1426,0.203027
1427,0.209473
1428,0.215918
1429,0.222363
1430,0.225586
1431,0.232031
1432,0.238477
1433,0.241699
1434,0.241699
1435,0.248145
1436,0.248145
1437,0.25459
1438,0.25459
1439,0.25459
1440,0.25459
1441,0.25459
1442,0.257812
1443,0.25459
1444,0.257812
1445,0.261035
1446,0.264258
1447,0.264258
1448,0.261035
1449,0.264258
1450,0.261035
1451,0.264258
1452,0.264258
1453,0.26748
1454,0.26748
1455,0.26748
1456,0.270703
1457,0.270703
1458,0.270703
1459,0.270703
1460,0.270703
1461,0.270703
1462,0.26748
1463,0.270703
1464,0.26748
1465,0.26748
1466,0.264258
1467,0.264258
1468,0.264258
1469,0.26748
1470,0.264258
1471,0.26748
1472,0.26748
1473,0.26748
1474,0.264258
1475,0.26748
1476,0.264258
1477,0.261035
1478,0.261035
1479,0.25459
1480,0.257812
1481,0.251367
1482,0.248145
1483,0.248145
1484,0.248145
1485,0.248145
1486,0.248145
1487,0.244922
1488,0.241699
1489,0.244922
1490,0.244922
1491,0.244922
1492,0.241699
1493,0.241699
1494,0.238477
1495,0.238477
1496,0.241699
1497,0.235254
1498,0.235254
1499,0.235254
1500,0.235254
1501,0.238477
1502,0.235254
1503,0.238477
1504,0.235254
1505,0.235254
1506,0.235254
1507,0.232031
1508,0.235254
1509,0.235254
1510,0.235254
1511,0.235254
1512,0.235254
1513,0.235254
1514,0.235254
1515,0.235254
1516,0.235254
1517,0.235254
1518,0.235254
1519,0.235254
1520,0.232031
1521,0.232031
1522,0.235254
1523,0.232031
1524,0.228809
1525,0.228809
1526,0.225586
1527,0.228809
1528,0.225586
1529,0.228809
1530,0.228809
1531,0.228809
1532,0.228809
1533,0.222363
1534,0.225586
1535,0.225586
1536,0.222363
1537,0.222363
1538,0.219141
1539,0.219141
1540,0.215918
1541,0.215918
1542,0.215918
1543,0.212695
1544,0.209473
1545,0.20625
1546,0.20625
1547,0.209473
1548,0.203027
1549,0.20625
1550,0.199805
1551,0.199805
1552,0.199805
1553,0.196582
1554,0.199805
1555,0.196582
1556,0.196582
1557,0.196582
1558,0.196582
1559,0.196582
1560,0.190137
1561,0.186914
1562,0.183691
1563,0.190137
1564,0.190137
1565,0.186914
1566,0.180469
1567,0.180469
1568,0.177246
1569,0.177246
1570,0.174023
1571,0.174023
1572,0.174023
1573,0.170801
1574,0.167578
1575,0.167578
1576,0.167578
1577,0.164355
1578,0.164355
1579,0.15791
1580,0.15791
1581,0.154687
1582,0.154687
1583,0.154687
1584,0.154687
1585,0.154687
1586,0.151465
1587,0.151465
1588,0.148242
1589,0.148242
1590,0.148242
1591,0.14502
1592,0.151465
1593,0.14502
1594,0.141797
1595,0.138574
1596,0.135352
1597,0.135352
1598,0.135352
1599,0.135352
1600,0.132129
1601,0.132129
1602,0.132129
1603,0.132129
1604,0.132129
1605,0.132129
1606,0.128906
1607,0.125684
1608,0.125684
1609,0.125684
1610,0.125684
1611,0.122461
1612,0.122461
1613,0.119238
1614,0.119238
1615,0.116016
1616,0.119238
1617,0.112793
1618,0.10957
1619,0.10957
1620,0.10957
1621,0.112793
1622,0.112793
1623,0.112793
1624,0.106348
1625,0.106348
1626,0.106348
1627,0.0999023
1628,0.103125
1629,0.0999023
1630,0.0999023
1631,0.0999023
1632,0.103125
1633,0.106348
1634,0.10957
1635,0.116016
1636,0.122461
1637,0.132129
1638,0.141797
1639,0.14502
1640,0.154687
1641,0.161133
1642,0.170801
1643,0.180469
1644,0.193359
1645,0.203027
1646,0.209473
1647,0.215918
1648,0.222363
1649,0.225586
1650,0.235254
1651,0.241699
1652,0.248145
1653,0.248145
1654,0.251367
1655,0.25459
1656,0.257812
1657,0.25459
1658,0.261035
1659,0.261035
1660,0.261035
1661,0.261035
1662,0.261035
1663,0.261035
1664,0.261035
1665,0.264258
1666,0.26748
1667,0.26748
1668,0.26748
1669,0.26748
1670,0.26748
1671,0.270703
1672,0.270703
1673,0.270703
1674,0.270703
1675,0.26748
1676,0.26748
1677,0.26748
1678,0.270703
1679,0.270703
1680,0.270703
1681,0.270703
1682,0.270703
1683,0.270703
1684,0.26748
1685,0.270703
1686,0.270703
1687,0.26748
1688,0.264258
1689,0.264258
1690,0.261035
1691,0.257812
1692,0.257812
1693,0.257812
1694,0.25459
1695,0.25459
1696,0.251367
1697,0.251367
1698,0.248145
1699,0.244922
1700,0.244922
1701,0.244922
1702,0.241699
1703,0.235254
1704,0.235254
1705,0.238477
1706,0.235254
1707,0.232031
1708,0.232031
1709,0.232031
1710,0.232031
1711,0.225586
1712,0.228809
1713,0.225586
1714,0.228809
1715,0.228809
1716,0.225586
1717,0.225586
1718,0.232031
1719,0.232031
1720,0.228809
1721,0.228809
1722,0.225586
1723,0.228809
1724,0.228809
1725,0.228809
1726,0.225586
1727,0.225586
1728,0.225586
1729,0.222363
1730,0.222363
1731,0.222363
1732,0.222363
1733,0.225586
1734,0.225586
1735,0.222363
1736,0.219141
1737,0.219141
1738,0.219141
1739,0.212695
1740,0.212695
1741,0.212695
1742,0.215918
1743,0.215918
1744,0.215918
1745,0.212695
1746,0.209473
1747,0.212695
1748,0.209473
1749,0.209473
1750,0.209473
1751,0.209473
1752,0.203027
1753,0.199805
1754,0.196582
1755,0.199805
1756,0.199805
1757,0.196582
1758,0.196582
1759,0.193359
1760,0.193359
1761,0.193359
1762,0.193359
1763,0.190137
1764,0.190137
1765,0.186914
1766,0.186914
1767,0.183691
1768,0.177246
1769,0.174023
1770,0.170801
1771,0.170801
1772,0.170801
1773,0.170801
1774,0.164355
1775,0.167578
1776,0.164355
1777,0.164355
1778,0.15791
1779,0.15791
1780,0.15791
1781,0.154687
1782,0.151465
1783,0.151465
1784,0.148242
1785,0.14502
1786,0.148242
1787,0.14502
1788,0.141797
1789,0.141797
1790,0.138574
1791,0.141797
1792,0.138574
1793,0.138574
1794,0.135352
1795,0.135352
1796,0.132129
1797,0.132129
1798,0.132129
1799,0.125684
1800,0.125684
1801,0.119238
1802,0.119238
1803,0.116016
1804,0.112793
1805,0.112793
1806,0.112793
1807,0.112793
1808,0.106348
1809,0.112793
1810,0.10957
1811,0.10957
1812,0.106348
1813,0.106348
1814,0.10957
1815,0.112793
1816,0.119238
1817,0.122461
1818,0.132129
1819,0.141797
1820,0.151465
1821,0.15791
1822,0.167578
1823,0.177246
1824,0.183691
1825,0.186914
1826,0.196582
1827,0.20625
1828,0.212695
1829,0.222363
1830,0.225586
1831,0.228809
1832,0.235254
1833,0.241699
1834,0.241699
1835,0.241699
1836,0.244922
1837,0.244922
1838,0.251367
1839,0.251367
1840,0.251367
1841,0.248145
1842,0.251367
1843,0.251367
1844,0.251367
1845,0.251367
1846,0.248145
1847,0.25459
1848,0.25459
1849,0.261035
1850,0.257812
1851,0.261035
1852,0.264258
1853,0.264258
1854,0.264258
1855,0.261035
1856,0.261035
1857,0.261035
1858,0.264258
1859,0.261035
1860,0.264258
1861,0.261035
1862,0.261035
1863,0.264258
1864,0.261035
1865,0.257812
1866,0.261035
1867,0.261035
1868,0.257812
1869,0.25459
1870,0.251367
1871,0.251367
1872,0.25459
1873,0.25459
1874,0.248145
1875,0.251367
1876,0.251367
1877,0.251367
1878,0.248145
1879,0.244922
1880,0.244922
1881,0.244922
1882,0.244922
1883,0.244922
1884,0.238477
1885,0.235254
1886,0.235254
1887,0.235254
1888,0.235254
1889,0.228809
1890,0.228809
1891,0.232031
1892,0.235254
1893,0.232031
1894,0.228809
1895,0.225586
1896,0.225586
1897,0.225586
1898,0.225586
1899,0.219141
1900,0.219141
1901,0.222363
1902,0.222363
1903,0.222363
1904,0.222363
1905,0.222363
1906,0.219141
1907,0.222363
1908,0.222363
1909,0.222363
1910,0.219141
1911,0.219141
1912,0.219141
1913,0.215918
1914,0.219141
1915,0.219141
1916,0.219141
1917,0.219141
1918,0.215918
1919,0.212695
1920,0.212695
1921,0.212695
1922,0.215918
1923,0.215918
1924,0.209473
1925,0.209473
1926,0.212695
1927,0.209473
1928,0.209473
1929,0.203027
1930,0.20625
1931,0.203027
1932,0.203027
1933,0.203027
1934,0.199805
1935,0.196582
1936,0.196582
1937,0.199805
1938,0.199805
1939,0.199805
1940,0.193359
1941,0.193359
1942,0.190137
1943,0.190137
1944,0.186914
1945,0.183691
1946,0.186914
1947,0.186914
1948,0.183691
1949,0.183691
1950,0.183691
1951,0.180469
1952,0.177246
1953,0.177246
1954,0.174023
1955,0.174023
1956,0.170801
1957,0.174023
1958,0.167578
1959,0.167578
1960,0.167578
1961,0.161133
1962,0.164355
1963,0.164355
1964,0.164355
1965,0.15791
1966,0.15791
1967,0.15791
1968,0.15791
1969,0.154687
1970,0.148242
1971,0.148242
1972,0.14502
1973,0.141797
1974,0.141797
1975,0.141797
1976,0.141797
1977,0.138574
1978,0.138574
1979,0.132129
1980,0.135352
1981,0.132129
1982,0.132129
1983,0.128906
1984,0.128906
1985,0.128906
1986,0.125684
1987,0.122461
1988,0.122461
1989,0.119238
1990,0.116016
1991,0.116016
1992,0.112793
1993,0.112793
1994,0.112793
1995,0.112793
1996,0.112793
1997,0.112793
1998,0.112793
1999,0.10957
2000,0.10957
2001,0.106348
2002,0.106348
2003,0.106348
2004,0.0999023
2005,0.0999023
2006,0.0999023
2007,0.0999023
2008,0.0999023
2009,0.0966797
2010,0.093457
2011,0.0902344
2012,0.093457
2013,0.0902344
2014,0.0902344
2015,0.0837891
2016,0.0870117
2017,0.0837891
2018,0.0837891
2019,0.0805664
2020,0.0773437
2021,0.0773437
2022,0.0805664
2023,0.0773437
2024,0.0805664
2025,0.0773437
2026,0.0741211
2027,0.0708984
2028,0.0708984
2029,0.0708984
2030,0.0773437
2031,0.0805664
2032,0.0870117
2033,0.103125
2034,0.10957
2035,0.116016